{"time": 1.0510000000000002}{"time": 1.079}{"time": 0.9499999999999997}